"Temperature","intercept","slope"
19,2.690038395903,0.367350324862574
21,-0.960422858136241,0.556809368218702
23,-1.58556314325128,0.588370702464911
25,-0.990711730433364,0.560808073830166
26,-0.788680817689787,0.549833461591078
27,0.580661880922471,0.474172771289082
28,1.89864081489101,0.405541345465405
29,-0.758439267685545,0.545275405914642
30,0.514933056112001,0.478324703705262
31,-0.413569282358708,0.526978676607823
